Session,Run,Model,Frontend,Framework,Backend,Platform,Target,Cycles,MIPS,Total ROM,Total RAM,ROM read-only,ROM code,ROM misc,RAM data,RAM zero-init data,Features,Config,Postprocesses,Comment
523,0,aww,tflite,tvm,tvmaotplus,mlif,spike,15353935,348.1915458859278,101110,19140,36548,64546,16,2520,16620,['muriscvnnbyoc'],"{'tflite.use_inout_data': False, 'tflite.visualize_enable': False, 'tflite.visualize_script': None, 'tflite.split_layers': False, 'tflite.pack_script': None, 'tvmaotplus.extra_target': ['cmsis-nn'], 'tvm.use_tlcpack': None, 'tvmaotplus.print_outputs': False, 'tvmaotplus.opt_level': 3, 'tvmaotplus.target_device': None, 'tvmaotplus.target_mcpu': None, 'tvmaotplus.target_march': None, 'tvmaotplus.target_model': None, 'tvmaotplus.target_mtriple': None, 'tvmaotplus.target_mabi': None, 'tvmaotplus.target_mattr': None, 'tvmaotplus.extra_target_mcpu': None, 'tvmaotplus.desired_layout': None, 'tvmaotplus.disabled_passes': [], 'tvmaotplus.extra_pass_config': {'tir.usmp.enable': True, 'tir.usmp.algorithm': 'hill_climb'}, 'tvmaotplus.use_tuning_results': False, 'tvmaotplus.tvmc_extra_args': [], 'tvmaotplus.tvmc_custom_script': None, 'tvmaotplus.tophub_url': None, 'tvmaotplus.num_threads': 8, 'tvmaotplus.debug_arena': False, 'tvmaotplus.arena_size': 0, 'tvmaotplus.unpacked_api': True, 'tvmaotplus.alignment_bytes': 4, 'tvm.extra_incs': [], 'tvm.extra_libs': [], 'riscv_gcc.name': 'riscv32-unknown-elf', 'riscv_gcc.variant': 'unknown', 'spike.print_outputs': False, 'spike.repeat': None, 'spike.xlen': 32, 'spike.extensions': ['i', 'm', 'a', 'c'], 'spike.timeout_sec': 0, 'spike.fpu': 'double', 'spike.arch': None, 'spike.abi': None, 'spike.enable_vext': False, 'spike.vext_spec': 1.0, 'spike.embedded_vext': False, 'spike.enable_pext': False, 'spike.pext_spec': 0.92, 'spike.vlen': 0, 'spike.elen': 32, 'spike.spikepk_extra_args': [], 'spike.end_to_end_cycles': False, 'mlif.num_threads': 8, 'mlif.optimize': '3', 'mlif.toolchain': 'gcc', 'mlif.print_outputs': False, 'mlif.debug': False, 'mlif.build_dir': None, 'mlif.ignore_data': True, 'mlif.fail_on_error': False, 'mlif.prebuild_lib_path': None, 'mlif.input_data_path': None, 'mlif.output_data_path': None, 'mlif.mem_only': False, 'mlif.debug_symbols': False, 'mlif.verbose_makefile': False, 'muriscvnnbyoc.enabled': True, 'muriscvnnbyoc.mcpu': None}",[],-
523,1,aww,tflite,tvm,tvmaotplus,mlif,spike,9291276,65.1118787196712,104722,23608,36536,68170,16,2524,21084,"['muriscvnnbyoc', 'vext']","{'tflite.use_inout_data': False, 'tflite.visualize_enable': False, 'tflite.visualize_script': None, 'tflite.split_layers': False, 'tflite.pack_script': None, 'tvmaotplus.extra_target': ['cmsis-nn'], 'tvmaotplus.extra_target_mcpu': 'cortex-m55', 'tvm.use_tlcpack': None, 'tvmaotplus.print_outputs': False, 'tvmaotplus.opt_level': 3, 'tvmaotplus.target_device': None, 'tvmaotplus.target_mcpu': None, 'tvmaotplus.target_march': None, 'tvmaotplus.target_model': None, 'tvmaotplus.target_mtriple': None, 'tvmaotplus.target_mabi': None, 'tvmaotplus.target_mattr': None, 'tvmaotplus.desired_layout': None, 'tvmaotplus.disabled_passes': [], 'tvmaotplus.extra_pass_config': {'tir.usmp.enable': True, 'tir.usmp.algorithm': 'hill_climb'}, 'tvmaotplus.use_tuning_results': False, 'tvmaotplus.tvmc_extra_args': [], 'tvmaotplus.tvmc_custom_script': None, 'tvmaotplus.tophub_url': None, 'tvmaotplus.num_threads': 8, 'tvmaotplus.debug_arena': False, 'tvmaotplus.arena_size': 0, 'tvmaotplus.unpacked_api': True, 'tvmaotplus.alignment_bytes': 4, 'tvm.extra_incs': [], 'tvm.extra_libs': [], 'spike.enable_vext': True, 'spike.vlen': 64, 'spike.elen': 32, 'riscv_gcc.name': 'riscv32-unknown-elf', 'riscv_gcc.variant': 'unknown', 'spike.print_outputs': False, 'spike.repeat': None, 'spike.xlen': 32, 'spike.extensions': ['i', 'm', 'a', 'c'], 'spike.timeout_sec': 0, 'spike.fpu': 'double', 'spike.arch': None, 'spike.abi': None, 'spike.vext_spec': 1.0, 'spike.embedded_vext': False, 'spike.enable_pext': False, 'spike.pext_spec': 0.92, 'spike.spikepk_extra_args': [], 'spike.end_to_end_cycles': False, 'mlif.num_threads': 8, 'mlif.optimize': '3', 'mlif.toolchain': 'gcc', 'mlif.print_outputs': False, 'mlif.debug': False, 'mlif.build_dir': None, 'mlif.ignore_data': True, 'mlif.fail_on_error': False, 'mlif.prebuild_lib_path': None, 'mlif.input_data_path': None, 'mlif.output_data_path': None, 'mlif.mem_only': False, 'mlif.debug_symbols': False, 'mlif.verbose_makefile': False, 'muriscvnnbyoc.mcpu': 'cortex-m55', 'muriscvnnbyoc.enabled': True, 'vext.vlen': 64, 'vext.enabled': True, 'vext.elen': 32, 'vext.spec': None, 'vext.embedded': None}",[],-
523,2,aww,tflite,tvm,tvmaotplus,mlif,spike,6451018,57.36489736867413,104724,23608,36536,68172,16,2524,21084,"['muriscvnnbyoc', 'vext']","{'tflite.use_inout_data': False, 'tflite.visualize_enable': False, 'tflite.visualize_script': None, 'tflite.split_layers': False, 'tflite.pack_script': None, 'tvmaotplus.extra_target': ['cmsis-nn'], 'tvmaotplus.extra_target_mcpu': 'cortex-m55', 'tvm.use_tlcpack': None, 'tvmaotplus.print_outputs': False, 'tvmaotplus.opt_level': 3, 'tvmaotplus.target_device': None, 'tvmaotplus.target_mcpu': None, 'tvmaotplus.target_march': None, 'tvmaotplus.target_model': None, 'tvmaotplus.target_mtriple': None, 'tvmaotplus.target_mabi': None, 'tvmaotplus.target_mattr': None, 'tvmaotplus.desired_layout': None, 'tvmaotplus.disabled_passes': [], 'tvmaotplus.extra_pass_config': {'tir.usmp.enable': True, 'tir.usmp.algorithm': 'hill_climb'}, 'tvmaotplus.use_tuning_results': False, 'tvmaotplus.tvmc_extra_args': [], 'tvmaotplus.tvmc_custom_script': None, 'tvmaotplus.tophub_url': None, 'tvmaotplus.num_threads': 8, 'tvmaotplus.debug_arena': False, 'tvmaotplus.arena_size': 0, 'tvmaotplus.unpacked_api': True, 'tvmaotplus.alignment_bytes': 4, 'tvm.extra_incs': [], 'tvm.extra_libs': [], 'spike.enable_vext': True, 'spike.vlen': 128, 'spike.elen': 32, 'riscv_gcc.name': 'riscv32-unknown-elf', 'riscv_gcc.variant': 'unknown', 'spike.print_outputs': False, 'spike.repeat': None, 'spike.xlen': 32, 'spike.extensions': ['i', 'm', 'a', 'c'], 'spike.timeout_sec': 0, 'spike.fpu': 'double', 'spike.arch': None, 'spike.abi': None, 'spike.vext_spec': 1.0, 'spike.embedded_vext': False, 'spike.enable_pext': False, 'spike.pext_spec': 0.92, 'spike.spikepk_extra_args': [], 'spike.end_to_end_cycles': False, 'mlif.num_threads': 8, 'mlif.optimize': '3', 'mlif.toolchain': 'gcc', 'mlif.print_outputs': False, 'mlif.debug': False, 'mlif.build_dir': None, 'mlif.ignore_data': True, 'mlif.fail_on_error': False, 'mlif.prebuild_lib_path': None, 'mlif.input_data_path': None, 'mlif.output_data_path': None, 'mlif.mem_only': False, 'mlif.debug_symbols': False, 'mlif.verbose_makefile': False, 'muriscvnnbyoc.mcpu': 'cortex-m55', 'muriscvnnbyoc.enabled': True, 'vext.vlen': 128, 'vext.enabled': True, 'vext.elen': 32, 'vext.spec': None, 'vext.embedded': None}",[],-
523,3,aww,tflite,tvm,tvmaotplus,mlif,spike,5029550,48.759737711405066,104724,23608,36536,68172,16,2524,21084,"['muriscvnnbyoc', 'vext']","{'tflite.use_inout_data': False, 'tflite.visualize_enable': False, 'tflite.visualize_script': None, 'tflite.split_layers': False, 'tflite.pack_script': None, 'tvmaotplus.extra_target': ['cmsis-nn'], 'tvmaotplus.extra_target_mcpu': 'cortex-m55', 'tvm.use_tlcpack': None, 'tvmaotplus.print_outputs': False, 'tvmaotplus.opt_level': 3, 'tvmaotplus.target_device': None, 'tvmaotplus.target_mcpu': None, 'tvmaotplus.target_march': None, 'tvmaotplus.target_model': None, 'tvmaotplus.target_mtriple': None, 'tvmaotplus.target_mabi': None, 'tvmaotplus.target_mattr': None, 'tvmaotplus.desired_layout': None, 'tvmaotplus.disabled_passes': [], 'tvmaotplus.extra_pass_config': {'tir.usmp.enable': True, 'tir.usmp.algorithm': 'hill_climb'}, 'tvmaotplus.use_tuning_results': False, 'tvmaotplus.tvmc_extra_args': [], 'tvmaotplus.tvmc_custom_script': None, 'tvmaotplus.tophub_url': None, 'tvmaotplus.num_threads': 8, 'tvmaotplus.debug_arena': False, 'tvmaotplus.arena_size': 0, 'tvmaotplus.unpacked_api': True, 'tvmaotplus.alignment_bytes': 4, 'tvm.extra_incs': [], 'tvm.extra_libs': [], 'spike.enable_vext': True, 'spike.vlen': 256, 'spike.elen': 32, 'riscv_gcc.name': 'riscv32-unknown-elf', 'riscv_gcc.variant': 'unknown', 'spike.print_outputs': False, 'spike.repeat': None, 'spike.xlen': 32, 'spike.extensions': ['i', 'm', 'a', 'c'], 'spike.timeout_sec': 0, 'spike.fpu': 'double', 'spike.arch': None, 'spike.abi': None, 'spike.vext_spec': 1.0, 'spike.embedded_vext': False, 'spike.enable_pext': False, 'spike.pext_spec': 0.92, 'spike.spikepk_extra_args': [], 'spike.end_to_end_cycles': False, 'mlif.num_threads': 8, 'mlif.optimize': '3', 'mlif.toolchain': 'gcc', 'mlif.print_outputs': False, 'mlif.debug': False, 'mlif.build_dir': None, 'mlif.ignore_data': True, 'mlif.fail_on_error': False, 'mlif.prebuild_lib_path': None, 'mlif.input_data_path': None, 'mlif.output_data_path': None, 'mlif.mem_only': False, 'mlif.debug_symbols': False, 'mlif.verbose_makefile': False, 'muriscvnnbyoc.mcpu': 'cortex-m55', 'muriscvnnbyoc.enabled': True, 'vext.vlen': 256, 'vext.enabled': True, 'vext.elen': 32, 'vext.spec': None, 'vext.embedded': None}",[],-
523,4,aww,tflite,tvm,tvmaotplus,mlif,spike,4321469,43.421366521596234,104730,23608,36536,68178,16,2524,21084,"['muriscvnnbyoc', 'vext']","{'tflite.use_inout_data': False, 'tflite.visualize_enable': False, 'tflite.visualize_script': None, 'tflite.split_layers': False, 'tflite.pack_script': None, 'tvmaotplus.extra_target': ['cmsis-nn'], 'tvmaotplus.extra_target_mcpu': 'cortex-m55', 'tvm.use_tlcpack': None, 'tvmaotplus.print_outputs': False, 'tvmaotplus.opt_level': 3, 'tvmaotplus.target_device': None, 'tvmaotplus.target_mcpu': None, 'tvmaotplus.target_march': None, 'tvmaotplus.target_model': None, 'tvmaotplus.target_mtriple': None, 'tvmaotplus.target_mabi': None, 'tvmaotplus.target_mattr': None, 'tvmaotplus.desired_layout': None, 'tvmaotplus.disabled_passes': [], 'tvmaotplus.extra_pass_config': {'tir.usmp.enable': True, 'tir.usmp.algorithm': 'hill_climb'}, 'tvmaotplus.use_tuning_results': False, 'tvmaotplus.tvmc_extra_args': [], 'tvmaotplus.tvmc_custom_script': None, 'tvmaotplus.tophub_url': None, 'tvmaotplus.num_threads': 8, 'tvmaotplus.debug_arena': False, 'tvmaotplus.arena_size': 0, 'tvmaotplus.unpacked_api': True, 'tvmaotplus.alignment_bytes': 4, 'tvm.extra_incs': [], 'tvm.extra_libs': [], 'spike.enable_vext': True, 'spike.vlen': 512, 'spike.elen': 32, 'riscv_gcc.name': 'riscv32-unknown-elf', 'riscv_gcc.variant': 'unknown', 'spike.print_outputs': False, 'spike.repeat': None, 'spike.xlen': 32, 'spike.extensions': ['i', 'm', 'a', 'c'], 'spike.timeout_sec': 0, 'spike.fpu': 'double', 'spike.arch': None, 'spike.abi': None, 'spike.vext_spec': 1.0, 'spike.embedded_vext': False, 'spike.enable_pext': False, 'spike.pext_spec': 0.92, 'spike.spikepk_extra_args': [], 'spike.end_to_end_cycles': False, 'mlif.num_threads': 8, 'mlif.optimize': '3', 'mlif.toolchain': 'gcc', 'mlif.print_outputs': False, 'mlif.debug': False, 'mlif.build_dir': None, 'mlif.ignore_data': True, 'mlif.fail_on_error': False, 'mlif.prebuild_lib_path': None, 'mlif.input_data_path': None, 'mlif.output_data_path': None, 'mlif.mem_only': False, 'mlif.debug_symbols': False, 'mlif.verbose_makefile': False, 'muriscvnnbyoc.mcpu': 'cortex-m55', 'muriscvnnbyoc.enabled': True, 'vext.vlen': 512, 'vext.enabled': True, 'vext.elen': 32, 'vext.spec': None, 'vext.embedded': None}",[],-
523,5,aww,tflite,tvm,tvmaotplus,mlif,spike,3967153,34.046712861476,104724,23608,36536,68172,16,2524,21084,"['muriscvnnbyoc', 'vext']","{'tflite.use_inout_data': False, 'tflite.visualize_enable': False, 'tflite.visualize_script': None, 'tflite.split_layers': False, 'tflite.pack_script': None, 'tvmaotplus.extra_target': ['cmsis-nn'], 'tvmaotplus.extra_target_mcpu': 'cortex-m55', 'tvm.use_tlcpack': None, 'tvmaotplus.print_outputs': False, 'tvmaotplus.opt_level': 3, 'tvmaotplus.target_device': None, 'tvmaotplus.target_mcpu': None, 'tvmaotplus.target_march': None, 'tvmaotplus.target_model': None, 'tvmaotplus.target_mtriple': None, 'tvmaotplus.target_mabi': None, 'tvmaotplus.target_mattr': None, 'tvmaotplus.desired_layout': None, 'tvmaotplus.disabled_passes': [], 'tvmaotplus.extra_pass_config': {'tir.usmp.enable': True, 'tir.usmp.algorithm': 'hill_climb'}, 'tvmaotplus.use_tuning_results': False, 'tvmaotplus.tvmc_extra_args': [], 'tvmaotplus.tvmc_custom_script': None, 'tvmaotplus.tophub_url': None, 'tvmaotplus.num_threads': 8, 'tvmaotplus.debug_arena': False, 'tvmaotplus.arena_size': 0, 'tvmaotplus.unpacked_api': True, 'tvmaotplus.alignment_bytes': 4, 'tvm.extra_incs': [], 'tvm.extra_libs': [], 'spike.enable_vext': True, 'spike.vlen': 1024, 'spike.elen': 32, 'riscv_gcc.name': 'riscv32-unknown-elf', 'riscv_gcc.variant': 'unknown', 'spike.print_outputs': False, 'spike.repeat': None, 'spike.xlen': 32, 'spike.extensions': ['i', 'm', 'a', 'c'], 'spike.timeout_sec': 0, 'spike.fpu': 'double', 'spike.arch': None, 'spike.abi': None, 'spike.vext_spec': 1.0, 'spike.embedded_vext': False, 'spike.enable_pext': False, 'spike.pext_spec': 0.92, 'spike.spikepk_extra_args': [], 'spike.end_to_end_cycles': False, 'mlif.num_threads': 8, 'mlif.optimize': '3', 'mlif.toolchain': 'gcc', 'mlif.print_outputs': False, 'mlif.debug': False, 'mlif.build_dir': None, 'mlif.ignore_data': True, 'mlif.fail_on_error': False, 'mlif.prebuild_lib_path': None, 'mlif.input_data_path': None, 'mlif.output_data_path': None, 'mlif.mem_only': False, 'mlif.debug_symbols': False, 'mlif.verbose_makefile': False, 'muriscvnnbyoc.mcpu': 'cortex-m55', 'muriscvnnbyoc.enabled': True, 'vext.vlen': 1024, 'vext.enabled': True, 'vext.elen': 32, 'vext.spec': None, 'vext.embedded': None}",[],-
523,6,aww,tflite,tvm,tvmaotplus,mlif,spike,6743038,168.16614989536274,107546,20292,36292,71178,76,2520,17772,"['pext', 'muriscvnnbyoc']","{'tflite.use_inout_data': False, 'tflite.visualize_enable': False, 'tflite.visualize_script': None, 'tflite.split_layers': False, 'tflite.pack_script': None, 'tvmaotplus.extra_target': ['cmsis-nn'], 'tvmaotplus.extra_target_mcpu': 'cortex-m33', 'tvm.use_tlcpack': None, 'tvmaotplus.print_outputs': False, 'tvmaotplus.opt_level': 3, 'tvmaotplus.target_device': None, 'tvmaotplus.target_mcpu': None, 'tvmaotplus.target_march': None, 'tvmaotplus.target_model': None, 'tvmaotplus.target_mtriple': None, 'tvmaotplus.target_mabi': None, 'tvmaotplus.target_mattr': None, 'tvmaotplus.desired_layout': None, 'tvmaotplus.disabled_passes': [], 'tvmaotplus.extra_pass_config': {'tir.usmp.enable': True, 'tir.usmp.algorithm': 'hill_climb'}, 'tvmaotplus.use_tuning_results': False, 'tvmaotplus.tvmc_extra_args': [], 'tvmaotplus.tvmc_custom_script': None, 'tvmaotplus.tophub_url': None, 'tvmaotplus.num_threads': 8, 'tvmaotplus.debug_arena': False, 'tvmaotplus.arena_size': 0, 'tvmaotplus.unpacked_api': True, 'tvmaotplus.alignment_bytes': 4, 'tvm.extra_incs': [], 'tvm.extra_libs': [], 'spike.enable_pext': True, 'riscv_gcc.name': 'riscv32-unknown-elf', 'riscv_gcc.variant': 'unknown', 'spike.print_outputs': False, 'spike.repeat': None, 'spike.xlen': 32, 'spike.extensions': ['i', 'm', 'a', 'c'], 'spike.timeout_sec': 0, 'spike.fpu': 'double', 'spike.arch': None, 'spike.abi': None, 'spike.enable_vext': False, 'spike.vext_spec': 1.0, 'spike.embedded_vext': False, 'spike.pext_spec': 0.92, 'spike.vlen': 0, 'spike.elen': 32, 'spike.spikepk_extra_args': [], 'spike.end_to_end_cycles': False, 'mlif.num_threads': 8, 'mlif.optimize': '3', 'mlif.toolchain': 'gcc', 'mlif.print_outputs': False, 'mlif.debug': False, 'mlif.build_dir': None, 'mlif.ignore_data': True, 'mlif.fail_on_error': False, 'mlif.prebuild_lib_path': None, 'mlif.input_data_path': None, 'mlif.output_data_path': None, 'mlif.mem_only': False, 'mlif.debug_symbols': False, 'mlif.verbose_makefile': False, 'pext.enabled': True, 'pext.spec': None, 'muriscvnnbyoc.mcpu': 'cortex-m33', 'muriscvnnbyoc.enabled': True}",[],-
523,7,vww,tflite,tvm,tvmaotplus,mlif,spike,45053427,377.9415852249796,333736,85588,265828,67892,16,2532,83056,['muriscvnnbyoc'],"{'tflite.use_inout_data': False, 'tflite.visualize_enable': False, 'tflite.visualize_script': None, 'tflite.split_layers': False, 'tflite.pack_script': None, 'tvmaotplus.extra_target': ['cmsis-nn'], 'tvm.use_tlcpack': None, 'tvmaotplus.print_outputs': False, 'tvmaotplus.opt_level': 3, 'tvmaotplus.target_device': None, 'tvmaotplus.target_mcpu': None, 'tvmaotplus.target_march': None, 'tvmaotplus.target_model': None, 'tvmaotplus.target_mtriple': None, 'tvmaotplus.target_mabi': None, 'tvmaotplus.target_mattr': None, 'tvmaotplus.extra_target_mcpu': None, 'tvmaotplus.desired_layout': None, 'tvmaotplus.disabled_passes': [], 'tvmaotplus.extra_pass_config': {'tir.usmp.enable': True, 'tir.usmp.algorithm': 'hill_climb'}, 'tvmaotplus.use_tuning_results': False, 'tvmaotplus.tvmc_extra_args': [], 'tvmaotplus.tvmc_custom_script': None, 'tvmaotplus.tophub_url': None, 'tvmaotplus.num_threads': 8, 'tvmaotplus.debug_arena': False, 'tvmaotplus.arena_size': 0, 'tvmaotplus.unpacked_api': True, 'tvmaotplus.alignment_bytes': 4, 'tvm.extra_incs': [], 'tvm.extra_libs': [], 'riscv_gcc.name': 'riscv32-unknown-elf', 'riscv_gcc.variant': 'unknown', 'spike.print_outputs': False, 'spike.repeat': None, 'spike.xlen': 32, 'spike.extensions': ['i', 'm', 'a', 'c'], 'spike.timeout_sec': 0, 'spike.fpu': 'double', 'spike.arch': None, 'spike.abi': None, 'spike.enable_vext': False, 'spike.vext_spec': 1.0, 'spike.embedded_vext': False, 'spike.enable_pext': False, 'spike.pext_spec': 0.92, 'spike.vlen': 0, 'spike.elen': 32, 'spike.spikepk_extra_args': [], 'spike.end_to_end_cycles': False, 'mlif.num_threads': 8, 'mlif.optimize': '3', 'mlif.toolchain': 'gcc', 'mlif.print_outputs': False, 'mlif.debug': False, 'mlif.build_dir': None, 'mlif.ignore_data': True, 'mlif.fail_on_error': False, 'mlif.prebuild_lib_path': None, 'mlif.input_data_path': None, 'mlif.output_data_path': None, 'mlif.mem_only': False, 'mlif.debug_symbols': False, 'mlif.verbose_makefile': False, 'muriscvnnbyoc.enabled': True, 'muriscvnnbyoc.mcpu': None}",[],-
523,8,vww,tflite,tvm,tvmaotplus,mlif,spike,23630940,49.41912656156465,337566,85592,265816,71734,16,2536,83056,"['muriscvnnbyoc', 'vext']","{'tflite.use_inout_data': False, 'tflite.visualize_enable': False, 'tflite.visualize_script': None, 'tflite.split_layers': False, 'tflite.pack_script': None, 'tvmaotplus.extra_target': ['cmsis-nn'], 'tvmaotplus.extra_target_mcpu': 'cortex-m55', 'tvm.use_tlcpack': None, 'tvmaotplus.print_outputs': False, 'tvmaotplus.opt_level': 3, 'tvmaotplus.target_device': None, 'tvmaotplus.target_mcpu': None, 'tvmaotplus.target_march': None, 'tvmaotplus.target_model': None, 'tvmaotplus.target_mtriple': None, 'tvmaotplus.target_mabi': None, 'tvmaotplus.target_mattr': None, 'tvmaotplus.desired_layout': None, 'tvmaotplus.disabled_passes': [], 'tvmaotplus.extra_pass_config': {'tir.usmp.enable': True, 'tir.usmp.algorithm': 'hill_climb'}, 'tvmaotplus.use_tuning_results': False, 'tvmaotplus.tvmc_extra_args': [], 'tvmaotplus.tvmc_custom_script': None, 'tvmaotplus.tophub_url': None, 'tvmaotplus.num_threads': 8, 'tvmaotplus.debug_arena': False, 'tvmaotplus.arena_size': 0, 'tvmaotplus.unpacked_api': True, 'tvmaotplus.alignment_bytes': 4, 'tvm.extra_incs': [], 'tvm.extra_libs': [], 'spike.enable_vext': True, 'spike.vlen': 64, 'spike.elen': 32, 'riscv_gcc.name': 'riscv32-unknown-elf', 'riscv_gcc.variant': 'unknown', 'spike.print_outputs': False, 'spike.repeat': None, 'spike.xlen': 32, 'spike.extensions': ['i', 'm', 'a', 'c'], 'spike.timeout_sec': 0, 'spike.fpu': 'double', 'spike.arch': None, 'spike.abi': None, 'spike.vext_spec': 1.0, 'spike.embedded_vext': False, 'spike.enable_pext': False, 'spike.pext_spec': 0.92, 'spike.spikepk_extra_args': [], 'spike.end_to_end_cycles': False, 'mlif.num_threads': 8, 'mlif.optimize': '3', 'mlif.toolchain': 'gcc', 'mlif.print_outputs': False, 'mlif.debug': False, 'mlif.build_dir': None, 'mlif.ignore_data': True, 'mlif.fail_on_error': False, 'mlif.prebuild_lib_path': None, 'mlif.input_data_path': None, 'mlif.output_data_path': None, 'mlif.mem_only': False, 'mlif.debug_symbols': False, 'mlif.verbose_makefile': False, 'muriscvnnbyoc.mcpu': 'cortex-m55', 'muriscvnnbyoc.enabled': True, 'vext.vlen': 64, 'vext.enabled': True, 'vext.elen': 32, 'vext.spec': None, 'vext.embedded': None}",[],-
523,9,vww,tflite,tvm,tvmaotplus,mlif,spike,14646367,38.78974281339143,337570,85592,265816,71738,16,2536,83056,"['muriscvnnbyoc', 'vext']","{'tflite.use_inout_data': False, 'tflite.visualize_enable': False, 'tflite.visualize_script': None, 'tflite.split_layers': False, 'tflite.pack_script': None, 'tvmaotplus.extra_target': ['cmsis-nn'], 'tvmaotplus.extra_target_mcpu': 'cortex-m55', 'tvm.use_tlcpack': None, 'tvmaotplus.print_outputs': False, 'tvmaotplus.opt_level': 3, 'tvmaotplus.target_device': None, 'tvmaotplus.target_mcpu': None, 'tvmaotplus.target_march': None, 'tvmaotplus.target_model': None, 'tvmaotplus.target_mtriple': None, 'tvmaotplus.target_mabi': None, 'tvmaotplus.target_mattr': None, 'tvmaotplus.desired_layout': None, 'tvmaotplus.disabled_passes': [], 'tvmaotplus.extra_pass_config': {'tir.usmp.enable': True, 'tir.usmp.algorithm': 'hill_climb'}, 'tvmaotplus.use_tuning_results': False, 'tvmaotplus.tvmc_extra_args': [], 'tvmaotplus.tvmc_custom_script': None, 'tvmaotplus.tophub_url': None, 'tvmaotplus.num_threads': 8, 'tvmaotplus.debug_arena': False, 'tvmaotplus.arena_size': 0, 'tvmaotplus.unpacked_api': True, 'tvmaotplus.alignment_bytes': 4, 'tvm.extra_incs': [], 'tvm.extra_libs': [], 'spike.enable_vext': True, 'spike.vlen': 128, 'spike.elen': 32, 'riscv_gcc.name': 'riscv32-unknown-elf', 'riscv_gcc.variant': 'unknown', 'spike.print_outputs': False, 'spike.repeat': None, 'spike.xlen': 32, 'spike.extensions': ['i', 'm', 'a', 'c'], 'spike.timeout_sec': 0, 'spike.fpu': 'double', 'spike.arch': None, 'spike.abi': None, 'spike.vext_spec': 1.0, 'spike.embedded_vext': False, 'spike.enable_pext': False, 'spike.pext_spec': 0.92, 'spike.spikepk_extra_args': [], 'spike.end_to_end_cycles': False, 'mlif.num_threads': 8, 'mlif.optimize': '3', 'mlif.toolchain': 'gcc', 'mlif.print_outputs': False, 'mlif.debug': False, 'mlif.build_dir': None, 'mlif.ignore_data': True, 'mlif.fail_on_error': False, 'mlif.prebuild_lib_path': None, 'mlif.input_data_path': None, 'mlif.output_data_path': None, 'mlif.mem_only': False, 'mlif.debug_symbols': False, 'mlif.verbose_makefile': False, 'muriscvnnbyoc.mcpu': 'cortex-m55', 'muriscvnnbyoc.enabled': True, 'vext.vlen': 128, 'vext.enabled': True, 'vext.elen': 32, 'vext.spec': None, 'vext.embedded': None}",[],-
523,10,vww,tflite,tvm,tvmaotplus,mlif,spike,10366996,33.88115799926756,337560,85592,265816,71728,16,2536,83056,"['muriscvnnbyoc', 'vext']","{'tflite.use_inout_data': False, 'tflite.visualize_enable': False, 'tflite.visualize_script': None, 'tflite.split_layers': False, 'tflite.pack_script': None, 'tvmaotplus.extra_target': ['cmsis-nn'], 'tvmaotplus.extra_target_mcpu': 'cortex-m55', 'tvm.use_tlcpack': None, 'tvmaotplus.print_outputs': False, 'tvmaotplus.opt_level': 3, 'tvmaotplus.target_device': None, 'tvmaotplus.target_mcpu': None, 'tvmaotplus.target_march': None, 'tvmaotplus.target_model': None, 'tvmaotplus.target_mtriple': None, 'tvmaotplus.target_mabi': None, 'tvmaotplus.target_mattr': None, 'tvmaotplus.desired_layout': None, 'tvmaotplus.disabled_passes': [], 'tvmaotplus.extra_pass_config': {'tir.usmp.enable': True, 'tir.usmp.algorithm': 'hill_climb'}, 'tvmaotplus.use_tuning_results': False, 'tvmaotplus.tvmc_extra_args': [], 'tvmaotplus.tvmc_custom_script': None, 'tvmaotplus.tophub_url': None, 'tvmaotplus.num_threads': 8, 'tvmaotplus.debug_arena': False, 'tvmaotplus.arena_size': 0, 'tvmaotplus.unpacked_api': True, 'tvmaotplus.alignment_bytes': 4, 'tvm.extra_incs': [], 'tvm.extra_libs': [], 'spike.enable_vext': True, 'spike.vlen': 256, 'spike.elen': 32, 'riscv_gcc.name': 'riscv32-unknown-elf', 'riscv_gcc.variant': 'unknown', 'spike.print_outputs': False, 'spike.repeat': None, 'spike.xlen': 32, 'spike.extensions': ['i', 'm', 'a', 'c'], 'spike.timeout_sec': 0, 'spike.fpu': 'double', 'spike.arch': None, 'spike.abi': None, 'spike.vext_spec': 1.0, 'spike.embedded_vext': False, 'spike.enable_pext': False, 'spike.pext_spec': 0.92, 'spike.spikepk_extra_args': [], 'spike.end_to_end_cycles': False, 'mlif.num_threads': 8, 'mlif.optimize': '3', 'mlif.toolchain': 'gcc', 'mlif.print_outputs': False, 'mlif.debug': False, 'mlif.build_dir': None, 'mlif.ignore_data': True, 'mlif.fail_on_error': False, 'mlif.prebuild_lib_path': None, 'mlif.input_data_path': None, 'mlif.output_data_path': None, 'mlif.mem_only': False, 'mlif.debug_symbols': False, 'mlif.verbose_makefile': False, 'muriscvnnbyoc.mcpu': 'cortex-m55', 'muriscvnnbyoc.enabled': True, 'vext.vlen': 256, 'vext.enabled': True, 'vext.elen': 32, 'vext.spec': None, 'vext.embedded': None}",[],-
523,11,vww,tflite,tvm,tvmaotplus,mlif,spike,8344967,28.65581373115481,337558,85592,265816,71726,16,2536,83056,"['muriscvnnbyoc', 'vext']","{'tflite.use_inout_data': False, 'tflite.visualize_enable': False, 'tflite.visualize_script': None, 'tflite.split_layers': False, 'tflite.pack_script': None, 'tvmaotplus.extra_target': ['cmsis-nn'], 'tvmaotplus.extra_target_mcpu': 'cortex-m55', 'tvm.use_tlcpack': None, 'tvmaotplus.print_outputs': False, 'tvmaotplus.opt_level': 3, 'tvmaotplus.target_device': None, 'tvmaotplus.target_mcpu': None, 'tvmaotplus.target_march': None, 'tvmaotplus.target_model': None, 'tvmaotplus.target_mtriple': None, 'tvmaotplus.target_mabi': None, 'tvmaotplus.target_mattr': None, 'tvmaotplus.desired_layout': None, 'tvmaotplus.disabled_passes': [], 'tvmaotplus.extra_pass_config': {'tir.usmp.enable': True, 'tir.usmp.algorithm': 'hill_climb'}, 'tvmaotplus.use_tuning_results': False, 'tvmaotplus.tvmc_extra_args': [], 'tvmaotplus.tvmc_custom_script': None, 'tvmaotplus.tophub_url': None, 'tvmaotplus.num_threads': 8, 'tvmaotplus.debug_arena': False, 'tvmaotplus.arena_size': 0, 'tvmaotplus.unpacked_api': True, 'tvmaotplus.alignment_bytes': 4, 'tvm.extra_incs': [], 'tvm.extra_libs': [], 'spike.enable_vext': True, 'spike.vlen': 512, 'spike.elen': 32, 'riscv_gcc.name': 'riscv32-unknown-elf', 'riscv_gcc.variant': 'unknown', 'spike.print_outputs': False, 'spike.repeat': None, 'spike.xlen': 32, 'spike.extensions': ['i', 'm', 'a', 'c'], 'spike.timeout_sec': 0, 'spike.fpu': 'double', 'spike.arch': None, 'spike.abi': None, 'spike.vext_spec': 1.0, 'spike.embedded_vext': False, 'spike.enable_pext': False, 'spike.pext_spec': 0.92, 'spike.spikepk_extra_args': [], 'spike.end_to_end_cycles': False, 'mlif.num_threads': 8, 'mlif.optimize': '3', 'mlif.toolchain': 'gcc', 'mlif.print_outputs': False, 'mlif.debug': False, 'mlif.build_dir': None, 'mlif.ignore_data': True, 'mlif.fail_on_error': False, 'mlif.prebuild_lib_path': None, 'mlif.input_data_path': None, 'mlif.output_data_path': None, 'mlif.mem_only': False, 'mlif.debug_symbols': False, 'mlif.verbose_makefile': False, 'muriscvnnbyoc.mcpu': 'cortex-m55', 'muriscvnnbyoc.enabled': True, 'vext.vlen': 512, 'vext.enabled': True, 'vext.elen': 32, 'vext.spec': None, 'vext.embedded': None}",[],-
523,12,vww,tflite,tvm,tvmaotplus,mlif,spike,7592471,24.60848862634585,337572,85592,265816,71740,16,2536,83056,"['muriscvnnbyoc', 'vext']","{'tflite.use_inout_data': False, 'tflite.visualize_enable': False, 'tflite.visualize_script': None, 'tflite.split_layers': False, 'tflite.pack_script': None, 'tvmaotplus.extra_target': ['cmsis-nn'], 'tvmaotplus.extra_target_mcpu': 'cortex-m55', 'tvm.use_tlcpack': None, 'tvmaotplus.print_outputs': False, 'tvmaotplus.opt_level': 3, 'tvmaotplus.target_device': None, 'tvmaotplus.target_mcpu': None, 'tvmaotplus.target_march': None, 'tvmaotplus.target_model': None, 'tvmaotplus.target_mtriple': None, 'tvmaotplus.target_mabi': None, 'tvmaotplus.target_mattr': None, 'tvmaotplus.desired_layout': None, 'tvmaotplus.disabled_passes': [], 'tvmaotplus.extra_pass_config': {'tir.usmp.enable': True, 'tir.usmp.algorithm': 'hill_climb'}, 'tvmaotplus.use_tuning_results': False, 'tvmaotplus.tvmc_extra_args': [], 'tvmaotplus.tvmc_custom_script': None, 'tvmaotplus.tophub_url': None, 'tvmaotplus.num_threads': 8, 'tvmaotplus.debug_arena': False, 'tvmaotplus.arena_size': 0, 'tvmaotplus.unpacked_api': True, 'tvmaotplus.alignment_bytes': 4, 'tvm.extra_incs': [], 'tvm.extra_libs': [], 'spike.enable_vext': True, 'spike.vlen': 1024, 'spike.elen': 32, 'riscv_gcc.name': 'riscv32-unknown-elf', 'riscv_gcc.variant': 'unknown', 'spike.print_outputs': False, 'spike.repeat': None, 'spike.xlen': 32, 'spike.extensions': ['i', 'm', 'a', 'c'], 'spike.timeout_sec': 0, 'spike.fpu': 'double', 'spike.arch': None, 'spike.abi': None, 'spike.vext_spec': 1.0, 'spike.embedded_vext': False, 'spike.enable_pext': False, 'spike.pext_spec': 0.92, 'spike.spikepk_extra_args': [], 'spike.end_to_end_cycles': False, 'mlif.num_threads': 8, 'mlif.optimize': '3', 'mlif.toolchain': 'gcc', 'mlif.print_outputs': False, 'mlif.debug': False, 'mlif.build_dir': None, 'mlif.ignore_data': True, 'mlif.fail_on_error': False, 'mlif.prebuild_lib_path': None, 'mlif.input_data_path': None, 'mlif.output_data_path': None, 'mlif.mem_only': False, 'mlif.debug_symbols': False, 'mlif.verbose_makefile': False, 'muriscvnnbyoc.mcpu': 'cortex-m55', 'muriscvnnbyoc.enabled': True, 'vext.vlen': 1024, 'vext.enabled': True, 'vext.elen': 32, 'vext.spec': None, 'vext.embedded': None}",[],-
523,13,vww,tflite,tvm,tvmaotplus,mlif,spike,18606518,209.0469111579128,340264,85588,265572,74616,76,2532,83056,"['pext', 'muriscvnnbyoc']","{'tflite.use_inout_data': False, 'tflite.visualize_enable': False, 'tflite.visualize_script': None, 'tflite.split_layers': False, 'tflite.pack_script': None, 'tvmaotplus.extra_target': ['cmsis-nn'], 'tvmaotplus.extra_target_mcpu': 'cortex-m33', 'tvm.use_tlcpack': None, 'tvmaotplus.print_outputs': False, 'tvmaotplus.opt_level': 3, 'tvmaotplus.target_device': None, 'tvmaotplus.target_mcpu': None, 'tvmaotplus.target_march': None, 'tvmaotplus.target_model': None, 'tvmaotplus.target_mtriple': None, 'tvmaotplus.target_mabi': None, 'tvmaotplus.target_mattr': None, 'tvmaotplus.desired_layout': None, 'tvmaotplus.disabled_passes': [], 'tvmaotplus.extra_pass_config': {'tir.usmp.enable': True, 'tir.usmp.algorithm': 'hill_climb'}, 'tvmaotplus.use_tuning_results': False, 'tvmaotplus.tvmc_extra_args': [], 'tvmaotplus.tvmc_custom_script': None, 'tvmaotplus.tophub_url': None, 'tvmaotplus.num_threads': 8, 'tvmaotplus.debug_arena': False, 'tvmaotplus.arena_size': 0, 'tvmaotplus.unpacked_api': True, 'tvmaotplus.alignment_bytes': 4, 'tvm.extra_incs': [], 'tvm.extra_libs': [], 'spike.enable_pext': True, 'riscv_gcc.name': 'riscv32-unknown-elf', 'riscv_gcc.variant': 'unknown', 'spike.print_outputs': False, 'spike.repeat': None, 'spike.xlen': 32, 'spike.extensions': ['i', 'm', 'a', 'c'], 'spike.timeout_sec': 0, 'spike.fpu': 'double', 'spike.arch': None, 'spike.abi': None, 'spike.enable_vext': False, 'spike.vext_spec': 1.0, 'spike.embedded_vext': False, 'spike.pext_spec': 0.92, 'spike.vlen': 0, 'spike.elen': 32, 'spike.spikepk_extra_args': [], 'spike.end_to_end_cycles': False, 'mlif.num_threads': 8, 'mlif.optimize': '3', 'mlif.toolchain': 'gcc', 'mlif.print_outputs': False, 'mlif.debug': False, 'mlif.build_dir': None, 'mlif.ignore_data': True, 'mlif.fail_on_error': False, 'mlif.prebuild_lib_path': None, 'mlif.input_data_path': None, 'mlif.output_data_path': None, 'mlif.mem_only': False, 'mlif.debug_symbols': False, 'mlif.verbose_makefile': False, 'pext.enabled': True, 'pext.spec': None, 'muriscvnnbyoc.mcpu': 'cortex-m33', 'muriscvnnbyoc.enabled': True}",[],-
523,14,resnet,tflite,tvm,tvmaotplus,mlif,spike,54627723,419.743303515108,147276,55444,87092,60168,16,2520,52924,['muriscvnnbyoc'],"{'tflite.use_inout_data': False, 'tflite.visualize_enable': False, 'tflite.visualize_script': None, 'tflite.split_layers': False, 'tflite.pack_script': None, 'tvmaotplus.extra_target': ['cmsis-nn'], 'tvm.use_tlcpack': None, 'tvmaotplus.print_outputs': False, 'tvmaotplus.opt_level': 3, 'tvmaotplus.target_device': None, 'tvmaotplus.target_mcpu': None, 'tvmaotplus.target_march': None, 'tvmaotplus.target_model': None, 'tvmaotplus.target_mtriple': None, 'tvmaotplus.target_mabi': None, 'tvmaotplus.target_mattr': None, 'tvmaotplus.extra_target_mcpu': None, 'tvmaotplus.desired_layout': None, 'tvmaotplus.disabled_passes': [], 'tvmaotplus.extra_pass_config': {'tir.usmp.enable': True, 'tir.usmp.algorithm': 'hill_climb'}, 'tvmaotplus.use_tuning_results': False, 'tvmaotplus.tvmc_extra_args': [], 'tvmaotplus.tvmc_custom_script': None, 'tvmaotplus.tophub_url': None, 'tvmaotplus.num_threads': 8, 'tvmaotplus.debug_arena': False, 'tvmaotplus.arena_size': 0, 'tvmaotplus.unpacked_api': True, 'tvmaotplus.alignment_bytes': 4, 'tvm.extra_incs': [], 'tvm.extra_libs': [], 'riscv_gcc.name': 'riscv32-unknown-elf', 'riscv_gcc.variant': 'unknown', 'spike.print_outputs': False, 'spike.repeat': None, 'spike.xlen': 32, 'spike.extensions': ['i', 'm', 'a', 'c'], 'spike.timeout_sec': 0, 'spike.fpu': 'double', 'spike.arch': None, 'spike.abi': None, 'spike.enable_vext': False, 'spike.vext_spec': 1.0, 'spike.embedded_vext': False, 'spike.enable_pext': False, 'spike.pext_spec': 0.92, 'spike.vlen': 0, 'spike.elen': 32, 'spike.spikepk_extra_args': [], 'spike.end_to_end_cycles': False, 'mlif.num_threads': 8, 'mlif.optimize': '3', 'mlif.toolchain': 'gcc', 'mlif.print_outputs': False, 'mlif.debug': False, 'mlif.build_dir': None, 'mlif.ignore_data': True, 'mlif.fail_on_error': False, 'mlif.prebuild_lib_path': None, 'mlif.input_data_path': None, 'mlif.output_data_path': None, 'mlif.mem_only': False, 'mlif.debug_symbols': False, 'mlif.verbose_makefile': False, 'muriscvnnbyoc.enabled': True, 'muriscvnnbyoc.mcpu': None}",[],-
523,15,resnet,tflite,tvm,tvmaotplus,mlif,spike,33048876,53.321831492290826,151594,55448,87080,64498,16,2524,52924,"['muriscvnnbyoc', 'vext']","{'tflite.use_inout_data': False, 'tflite.visualize_enable': False, 'tflite.visualize_script': None, 'tflite.split_layers': False, 'tflite.pack_script': None, 'tvmaotplus.extra_target': ['cmsis-nn'], 'tvmaotplus.extra_target_mcpu': 'cortex-m55', 'tvm.use_tlcpack': None, 'tvmaotplus.print_outputs': False, 'tvmaotplus.opt_level': 3, 'tvmaotplus.target_device': None, 'tvmaotplus.target_mcpu': None, 'tvmaotplus.target_march': None, 'tvmaotplus.target_model': None, 'tvmaotplus.target_mtriple': None, 'tvmaotplus.target_mabi': None, 'tvmaotplus.target_mattr': None, 'tvmaotplus.desired_layout': None, 'tvmaotplus.disabled_passes': [], 'tvmaotplus.extra_pass_config': {'tir.usmp.enable': True, 'tir.usmp.algorithm': 'hill_climb'}, 'tvmaotplus.use_tuning_results': False, 'tvmaotplus.tvmc_extra_args': [], 'tvmaotplus.tvmc_custom_script': None, 'tvmaotplus.tophub_url': None, 'tvmaotplus.num_threads': 8, 'tvmaotplus.debug_arena': False, 'tvmaotplus.arena_size': 0, 'tvmaotplus.unpacked_api': True, 'tvmaotplus.alignment_bytes': 4, 'tvm.extra_incs': [], 'tvm.extra_libs': [], 'spike.enable_vext': True, 'spike.vlen': 64, 'spike.elen': 32, 'riscv_gcc.name': 'riscv32-unknown-elf', 'riscv_gcc.variant': 'unknown', 'spike.print_outputs': False, 'spike.repeat': None, 'spike.xlen': 32, 'spike.extensions': ['i', 'm', 'a', 'c'], 'spike.timeout_sec': 0, 'spike.fpu': 'double', 'spike.arch': None, 'spike.abi': None, 'spike.vext_spec': 1.0, 'spike.embedded_vext': False, 'spike.enable_pext': False, 'spike.pext_spec': 0.92, 'spike.spikepk_extra_args': [], 'spike.end_to_end_cycles': False, 'mlif.num_threads': 8, 'mlif.optimize': '3', 'mlif.toolchain': 'gcc', 'mlif.print_outputs': False, 'mlif.debug': False, 'mlif.build_dir': None, 'mlif.ignore_data': True, 'mlif.fail_on_error': False, 'mlif.prebuild_lib_path': None, 'mlif.input_data_path': None, 'mlif.output_data_path': None, 'mlif.mem_only': False, 'mlif.debug_symbols': False, 'mlif.verbose_makefile': False, 'muriscvnnbyoc.mcpu': 'cortex-m55', 'muriscvnnbyoc.enabled': True, 'vext.vlen': 64, 'vext.enabled': True, 'vext.elen': 32, 'vext.spec': None, 'vext.embedded': None}",[],-
523,16,resnet,tflite,tvm,tvmaotplus,mlif,spike,18194217,39.84051548494523,151592,55448,87080,64496,16,2524,52924,"['muriscvnnbyoc', 'vext']","{'tflite.use_inout_data': False, 'tflite.visualize_enable': False, 'tflite.visualize_script': None, 'tflite.split_layers': False, 'tflite.pack_script': None, 'tvmaotplus.extra_target': ['cmsis-nn'], 'tvmaotplus.extra_target_mcpu': 'cortex-m55', 'tvm.use_tlcpack': None, 'tvmaotplus.print_outputs': False, 'tvmaotplus.opt_level': 3, 'tvmaotplus.target_device': None, 'tvmaotplus.target_mcpu': None, 'tvmaotplus.target_march': None, 'tvmaotplus.target_model': None, 'tvmaotplus.target_mtriple': None, 'tvmaotplus.target_mabi': None, 'tvmaotplus.target_mattr': None, 'tvmaotplus.desired_layout': None, 'tvmaotplus.disabled_passes': [], 'tvmaotplus.extra_pass_config': {'tir.usmp.enable': True, 'tir.usmp.algorithm': 'hill_climb'}, 'tvmaotplus.use_tuning_results': False, 'tvmaotplus.tvmc_extra_args': [], 'tvmaotplus.tvmc_custom_script': None, 'tvmaotplus.tophub_url': None, 'tvmaotplus.num_threads': 8, 'tvmaotplus.debug_arena': False, 'tvmaotplus.arena_size': 0, 'tvmaotplus.unpacked_api': True, 'tvmaotplus.alignment_bytes': 4, 'tvm.extra_incs': [], 'tvm.extra_libs': [], 'spike.enable_vext': True, 'spike.vlen': 128, 'spike.elen': 32, 'riscv_gcc.name': 'riscv32-unknown-elf', 'riscv_gcc.variant': 'unknown', 'spike.print_outputs': False, 'spike.repeat': None, 'spike.xlen': 32, 'spike.extensions': ['i', 'm', 'a', 'c'], 'spike.timeout_sec': 0, 'spike.fpu': 'double', 'spike.arch': None, 'spike.abi': None, 'spike.vext_spec': 1.0, 'spike.embedded_vext': False, 'spike.enable_pext': False, 'spike.pext_spec': 0.92, 'spike.spikepk_extra_args': [], 'spike.end_to_end_cycles': False, 'mlif.num_threads': 8, 'mlif.optimize': '3', 'mlif.toolchain': 'gcc', 'mlif.print_outputs': False, 'mlif.debug': False, 'mlif.build_dir': None, 'mlif.ignore_data': True, 'mlif.fail_on_error': False, 'mlif.prebuild_lib_path': None, 'mlif.input_data_path': None, 'mlif.output_data_path': None, 'mlif.mem_only': False, 'mlif.debug_symbols': False, 'mlif.verbose_makefile': False, 'muriscvnnbyoc.mcpu': 'cortex-m55', 'muriscvnnbyoc.enabled': True, 'vext.vlen': 128, 'vext.enabled': True, 'vext.elen': 32, 'vext.spec': None, 'vext.embedded': None}",[],-
523,17,resnet,tflite,tvm,tvmaotplus,mlif,spike,10689185,27.347371716276843,151586,55448,87080,64490,16,2524,52924,"['muriscvnnbyoc', 'vext']","{'tflite.use_inout_data': False, 'tflite.visualize_enable': False, 'tflite.visualize_script': None, 'tflite.split_layers': False, 'tflite.pack_script': None, 'tvmaotplus.extra_target': ['cmsis-nn'], 'tvmaotplus.extra_target_mcpu': 'cortex-m55', 'tvm.use_tlcpack': None, 'tvmaotplus.print_outputs': False, 'tvmaotplus.opt_level': 3, 'tvmaotplus.target_device': None, 'tvmaotplus.target_mcpu': None, 'tvmaotplus.target_march': None, 'tvmaotplus.target_model': None, 'tvmaotplus.target_mtriple': None, 'tvmaotplus.target_mabi': None, 'tvmaotplus.target_mattr': None, 'tvmaotplus.desired_layout': None, 'tvmaotplus.disabled_passes': [], 'tvmaotplus.extra_pass_config': {'tir.usmp.enable': True, 'tir.usmp.algorithm': 'hill_climb'}, 'tvmaotplus.use_tuning_results': False, 'tvmaotplus.tvmc_extra_args': [], 'tvmaotplus.tvmc_custom_script': None, 'tvmaotplus.tophub_url': None, 'tvmaotplus.num_threads': 8, 'tvmaotplus.debug_arena': False, 'tvmaotplus.arena_size': 0, 'tvmaotplus.unpacked_api': True, 'tvmaotplus.alignment_bytes': 4, 'tvm.extra_incs': [], 'tvm.extra_libs': [], 'spike.enable_vext': True, 'spike.vlen': 256, 'spike.elen': 32, 'riscv_gcc.name': 'riscv32-unknown-elf', 'riscv_gcc.variant': 'unknown', 'spike.print_outputs': False, 'spike.repeat': None, 'spike.xlen': 32, 'spike.extensions': ['i', 'm', 'a', 'c'], 'spike.timeout_sec': 0, 'spike.fpu': 'double', 'spike.arch': None, 'spike.abi': None, 'spike.vext_spec': 1.0, 'spike.embedded_vext': False, 'spike.enable_pext': False, 'spike.pext_spec': 0.92, 'spike.spikepk_extra_args': [], 'spike.end_to_end_cycles': False, 'mlif.num_threads': 8, 'mlif.optimize': '3', 'mlif.toolchain': 'gcc', 'mlif.print_outputs': False, 'mlif.debug': False, 'mlif.build_dir': None, 'mlif.ignore_data': True, 'mlif.fail_on_error': False, 'mlif.prebuild_lib_path': None, 'mlif.input_data_path': None, 'mlif.output_data_path': None, 'mlif.mem_only': False, 'mlif.debug_symbols': False, 'mlif.verbose_makefile': False, 'muriscvnnbyoc.mcpu': 'cortex-m55', 'muriscvnnbyoc.enabled': True, 'vext.vlen': 256, 'vext.enabled': True, 'vext.elen': 32, 'vext.spec': None, 'vext.embedded': None}",[],-
523,18,resnet,tflite,tvm,tvmaotplus,mlif,spike,7170200,19.937258385396227,151594,55448,87080,64498,16,2524,52924,"['muriscvnnbyoc', 'vext']","{'tflite.use_inout_data': False, 'tflite.visualize_enable': False, 'tflite.visualize_script': None, 'tflite.split_layers': False, 'tflite.pack_script': None, 'tvmaotplus.extra_target': ['cmsis-nn'], 'tvmaotplus.extra_target_mcpu': 'cortex-m55', 'tvm.use_tlcpack': None, 'tvmaotplus.print_outputs': False, 'tvmaotplus.opt_level': 3, 'tvmaotplus.target_device': None, 'tvmaotplus.target_mcpu': None, 'tvmaotplus.target_march': None, 'tvmaotplus.target_model': None, 'tvmaotplus.target_mtriple': None, 'tvmaotplus.target_mabi': None, 'tvmaotplus.target_mattr': None, 'tvmaotplus.desired_layout': None, 'tvmaotplus.disabled_passes': [], 'tvmaotplus.extra_pass_config': {'tir.usmp.enable': True, 'tir.usmp.algorithm': 'hill_climb'}, 'tvmaotplus.use_tuning_results': False, 'tvmaotplus.tvmc_extra_args': [], 'tvmaotplus.tvmc_custom_script': None, 'tvmaotplus.tophub_url': None, 'tvmaotplus.num_threads': 8, 'tvmaotplus.debug_arena': False, 'tvmaotplus.arena_size': 0, 'tvmaotplus.unpacked_api': True, 'tvmaotplus.alignment_bytes': 4, 'tvm.extra_incs': [], 'tvm.extra_libs': [], 'spike.enable_vext': True, 'spike.vlen': 512, 'spike.elen': 32, 'riscv_gcc.name': 'riscv32-unknown-elf', 'riscv_gcc.variant': 'unknown', 'spike.print_outputs': False, 'spike.repeat': None, 'spike.xlen': 32, 'spike.extensions': ['i', 'm', 'a', 'c'], 'spike.timeout_sec': 0, 'spike.fpu': 'double', 'spike.arch': None, 'spike.abi': None, 'spike.vext_spec': 1.0, 'spike.embedded_vext': False, 'spike.enable_pext': False, 'spike.pext_spec': 0.92, 'spike.spikepk_extra_args': [], 'spike.end_to_end_cycles': False, 'mlif.num_threads': 8, 'mlif.optimize': '3', 'mlif.toolchain': 'gcc', 'mlif.print_outputs': False, 'mlif.debug': False, 'mlif.build_dir': None, 'mlif.ignore_data': True, 'mlif.fail_on_error': False, 'mlif.prebuild_lib_path': None, 'mlif.input_data_path': None, 'mlif.output_data_path': None, 'mlif.mem_only': False, 'mlif.debug_symbols': False, 'mlif.verbose_makefile': False, 'muriscvnnbyoc.mcpu': 'cortex-m55', 'muriscvnnbyoc.enabled': True, 'vext.vlen': 512, 'vext.enabled': True, 'vext.elen': 32, 'vext.spec': None, 'vext.embedded': None}",[],-
523,19,resnet,tflite,tvm,tvmaotplus,mlif,spike,5566081,16.561723324217915,151590,55448,87080,64494,16,2524,52924,"['muriscvnnbyoc', 'vext']","{'tflite.use_inout_data': False, 'tflite.visualize_enable': False, 'tflite.visualize_script': None, 'tflite.split_layers': False, 'tflite.pack_script': None, 'tvmaotplus.extra_target': ['cmsis-nn'], 'tvmaotplus.extra_target_mcpu': 'cortex-m55', 'tvm.use_tlcpack': None, 'tvmaotplus.print_outputs': False, 'tvmaotplus.opt_level': 3, 'tvmaotplus.target_device': None, 'tvmaotplus.target_mcpu': None, 'tvmaotplus.target_march': None, 'tvmaotplus.target_model': None, 'tvmaotplus.target_mtriple': None, 'tvmaotplus.target_mabi': None, 'tvmaotplus.target_mattr': None, 'tvmaotplus.desired_layout': None, 'tvmaotplus.disabled_passes': [], 'tvmaotplus.extra_pass_config': {'tir.usmp.enable': True, 'tir.usmp.algorithm': 'hill_climb'}, 'tvmaotplus.use_tuning_results': False, 'tvmaotplus.tvmc_extra_args': [], 'tvmaotplus.tvmc_custom_script': None, 'tvmaotplus.tophub_url': None, 'tvmaotplus.num_threads': 8, 'tvmaotplus.debug_arena': False, 'tvmaotplus.arena_size': 0, 'tvmaotplus.unpacked_api': True, 'tvmaotplus.alignment_bytes': 4, 'tvm.extra_incs': [], 'tvm.extra_libs': [], 'spike.enable_vext': True, 'spike.vlen': 1024, 'spike.elen': 32, 'riscv_gcc.name': 'riscv32-unknown-elf', 'riscv_gcc.variant': 'unknown', 'spike.print_outputs': False, 'spike.repeat': None, 'spike.xlen': 32, 'spike.extensions': ['i', 'm', 'a', 'c'], 'spike.timeout_sec': 0, 'spike.fpu': 'double', 'spike.arch': None, 'spike.abi': None, 'spike.vext_spec': 1.0, 'spike.embedded_vext': False, 'spike.enable_pext': False, 'spike.pext_spec': 0.92, 'spike.spikepk_extra_args': [], 'spike.end_to_end_cycles': False, 'mlif.num_threads': 8, 'mlif.optimize': '3', 'mlif.toolchain': 'gcc', 'mlif.print_outputs': False, 'mlif.debug': False, 'mlif.build_dir': None, 'mlif.ignore_data': True, 'mlif.fail_on_error': False, 'mlif.prebuild_lib_path': None, 'mlif.input_data_path': None, 'mlif.output_data_path': None, 'mlif.mem_only': False, 'mlif.debug_symbols': False, 'mlif.verbose_makefile': False, 'muriscvnnbyoc.mcpu': 'cortex-m55', 'muriscvnnbyoc.enabled': True, 'vext.vlen': 1024, 'vext.enabled': True, 'vext.elen': 32, 'vext.spec': None, 'vext.embedded': None}",[],-
523,20,resnet,tflite,tvm,tvmaotplus,mlif,spike,26475681,136.29251779155345,156472,55444,86836,69560,76,2520,52924,"['pext', 'muriscvnnbyoc']","{'tflite.use_inout_data': False, 'tflite.visualize_enable': False, 'tflite.visualize_script': None, 'tflite.split_layers': False, 'tflite.pack_script': None, 'tvmaotplus.extra_target': ['cmsis-nn'], 'tvmaotplus.extra_target_mcpu': 'cortex-m33', 'tvm.use_tlcpack': None, 'tvmaotplus.print_outputs': False, 'tvmaotplus.opt_level': 3, 'tvmaotplus.target_device': None, 'tvmaotplus.target_mcpu': None, 'tvmaotplus.target_march': None, 'tvmaotplus.target_model': None, 'tvmaotplus.target_mtriple': None, 'tvmaotplus.target_mabi': None, 'tvmaotplus.target_mattr': None, 'tvmaotplus.desired_layout': None, 'tvmaotplus.disabled_passes': [], 'tvmaotplus.extra_pass_config': {'tir.usmp.enable': True, 'tir.usmp.algorithm': 'hill_climb'}, 'tvmaotplus.use_tuning_results': False, 'tvmaotplus.tvmc_extra_args': [], 'tvmaotplus.tvmc_custom_script': None, 'tvmaotplus.tophub_url': None, 'tvmaotplus.num_threads': 8, 'tvmaotplus.debug_arena': False, 'tvmaotplus.arena_size': 0, 'tvmaotplus.unpacked_api': True, 'tvmaotplus.alignment_bytes': 4, 'tvm.extra_incs': [], 'tvm.extra_libs': [], 'spike.enable_pext': True, 'riscv_gcc.name': 'riscv32-unknown-elf', 'riscv_gcc.variant': 'unknown', 'spike.print_outputs': False, 'spike.repeat': None, 'spike.xlen': 32, 'spike.extensions': ['i', 'm', 'a', 'c'], 'spike.timeout_sec': 0, 'spike.fpu': 'double', 'spike.arch': None, 'spike.abi': None, 'spike.enable_vext': False, 'spike.vext_spec': 1.0, 'spike.embedded_vext': False, 'spike.pext_spec': 0.92, 'spike.vlen': 0, 'spike.elen': 32, 'spike.spikepk_extra_args': [], 'spike.end_to_end_cycles': False, 'mlif.num_threads': 8, 'mlif.optimize': '3', 'mlif.toolchain': 'gcc', 'mlif.print_outputs': False, 'mlif.debug': False, 'mlif.build_dir': None, 'mlif.ignore_data': True, 'mlif.fail_on_error': False, 'mlif.prebuild_lib_path': None, 'mlif.input_data_path': None, 'mlif.output_data_path': None, 'mlif.mem_only': False, 'mlif.debug_symbols': False, 'mlif.verbose_makefile': False, 'pext.enabled': True, 'pext.spec': None, 'muriscvnnbyoc.mcpu': 'cortex-m33', 'muriscvnnbyoc.enabled': True}",[],-
523,21,toycar,tflite,tvm,tvmaotplus,mlif,spike,1806680,123.14961322737393,324830,4692,273844,50970,16,2532,2160,['muriscvnnbyoc'],"{'tflite.use_inout_data': False, 'tflite.visualize_enable': False, 'tflite.visualize_script': None, 'tflite.split_layers': False, 'tflite.pack_script': None, 'tvmaotplus.extra_target': ['cmsis-nn'], 'tvm.use_tlcpack': None, 'tvmaotplus.print_outputs': False, 'tvmaotplus.opt_level': 3, 'tvmaotplus.target_device': None, 'tvmaotplus.target_mcpu': None, 'tvmaotplus.target_march': None, 'tvmaotplus.target_model': None, 'tvmaotplus.target_mtriple': None, 'tvmaotplus.target_mabi': None, 'tvmaotplus.target_mattr': None, 'tvmaotplus.extra_target_mcpu': None, 'tvmaotplus.desired_layout': None, 'tvmaotplus.disabled_passes': [], 'tvmaotplus.extra_pass_config': {'tir.usmp.enable': True, 'tir.usmp.algorithm': 'hill_climb'}, 'tvmaotplus.use_tuning_results': False, 'tvmaotplus.tvmc_extra_args': [], 'tvmaotplus.tvmc_custom_script': None, 'tvmaotplus.tophub_url': None, 'tvmaotplus.num_threads': 8, 'tvmaotplus.debug_arena': False, 'tvmaotplus.arena_size': 0, 'tvmaotplus.unpacked_api': True, 'tvmaotplus.alignment_bytes': 4, 'tvm.extra_incs': [], 'tvm.extra_libs': [], 'riscv_gcc.name': 'riscv32-unknown-elf', 'riscv_gcc.variant': 'unknown', 'spike.print_outputs': False, 'spike.repeat': None, 'spike.xlen': 32, 'spike.extensions': ['i', 'm', 'a', 'c'], 'spike.timeout_sec': 0, 'spike.fpu': 'double', 'spike.arch': None, 'spike.abi': None, 'spike.enable_vext': False, 'spike.vext_spec': 1.0, 'spike.embedded_vext': False, 'spike.enable_pext': False, 'spike.pext_spec': 0.92, 'spike.vlen': 0, 'spike.elen': 32, 'spike.spikepk_extra_args': [], 'spike.end_to_end_cycles': False, 'mlif.num_threads': 8, 'mlif.optimize': '3', 'mlif.toolchain': 'gcc', 'mlif.print_outputs': False, 'mlif.debug': False, 'mlif.build_dir': None, 'mlif.ignore_data': True, 'mlif.fail_on_error': False, 'mlif.prebuild_lib_path': None, 'mlif.input_data_path': None, 'mlif.output_data_path': None, 'mlif.mem_only': False, 'mlif.debug_symbols': False, 'mlif.verbose_makefile': False, 'muriscvnnbyoc.enabled': True, 'muriscvnnbyoc.mcpu': None}",[],-
523,22,toycar,tflite,tvm,tvmaotplus,mlif,spike,605854,27.129467748684167,326446,4696,273832,52598,16,2536,2160,"['muriscvnnbyoc', 'vext']","{'tflite.use_inout_data': False, 'tflite.visualize_enable': False, 'tflite.visualize_script': None, 'tflite.split_layers': False, 'tflite.pack_script': None, 'tvmaotplus.extra_target': ['cmsis-nn'], 'tvmaotplus.extra_target_mcpu': 'cortex-m55', 'tvm.use_tlcpack': None, 'tvmaotplus.print_outputs': False, 'tvmaotplus.opt_level': 3, 'tvmaotplus.target_device': None, 'tvmaotplus.target_mcpu': None, 'tvmaotplus.target_march': None, 'tvmaotplus.target_model': None, 'tvmaotplus.target_mtriple': None, 'tvmaotplus.target_mabi': None, 'tvmaotplus.target_mattr': None, 'tvmaotplus.desired_layout': None, 'tvmaotplus.disabled_passes': [], 'tvmaotplus.extra_pass_config': {'tir.usmp.enable': True, 'tir.usmp.algorithm': 'hill_climb'}, 'tvmaotplus.use_tuning_results': False, 'tvmaotplus.tvmc_extra_args': [], 'tvmaotplus.tvmc_custom_script': None, 'tvmaotplus.tophub_url': None, 'tvmaotplus.num_threads': 8, 'tvmaotplus.debug_arena': False, 'tvmaotplus.arena_size': 0, 'tvmaotplus.unpacked_api': True, 'tvmaotplus.alignment_bytes': 4, 'tvm.extra_incs': [], 'tvm.extra_libs': [], 'spike.enable_vext': True, 'spike.vlen': 64, 'spike.elen': 32, 'riscv_gcc.name': 'riscv32-unknown-elf', 'riscv_gcc.variant': 'unknown', 'spike.print_outputs': False, 'spike.repeat': None, 'spike.xlen': 32, 'spike.extensions': ['i', 'm', 'a', 'c'], 'spike.timeout_sec': 0, 'spike.fpu': 'double', 'spike.arch': None, 'spike.abi': None, 'spike.vext_spec': 1.0, 'spike.embedded_vext': False, 'spike.enable_pext': False, 'spike.pext_spec': 0.92, 'spike.spikepk_extra_args': [], 'spike.end_to_end_cycles': False, 'mlif.num_threads': 8, 'mlif.optimize': '3', 'mlif.toolchain': 'gcc', 'mlif.print_outputs': False, 'mlif.debug': False, 'mlif.build_dir': None, 'mlif.ignore_data': True, 'mlif.fail_on_error': False, 'mlif.prebuild_lib_path': None, 'mlif.input_data_path': None, 'mlif.output_data_path': None, 'mlif.mem_only': False, 'mlif.debug_symbols': False, 'mlif.verbose_makefile': False, 'muriscvnnbyoc.mcpu': 'cortex-m55', 'muriscvnnbyoc.enabled': True, 'vext.vlen': 64, 'vext.enabled': True, 'vext.elen': 32, 'vext.spec': None, 'vext.embedded': None}",[],-
523,23,toycar,tflite,tvm,tvmaotplus,mlif,spike,506886,23.609221189592564,326446,4696,273832,52598,16,2536,2160,"['muriscvnnbyoc', 'vext']","{'tflite.use_inout_data': False, 'tflite.visualize_enable': False, 'tflite.visualize_script': None, 'tflite.split_layers': False, 'tflite.pack_script': None, 'tvmaotplus.extra_target': ['cmsis-nn'], 'tvmaotplus.extra_target_mcpu': 'cortex-m55', 'tvm.use_tlcpack': None, 'tvmaotplus.print_outputs': False, 'tvmaotplus.opt_level': 3, 'tvmaotplus.target_device': None, 'tvmaotplus.target_mcpu': None, 'tvmaotplus.target_march': None, 'tvmaotplus.target_model': None, 'tvmaotplus.target_mtriple': None, 'tvmaotplus.target_mabi': None, 'tvmaotplus.target_mattr': None, 'tvmaotplus.desired_layout': None, 'tvmaotplus.disabled_passes': [], 'tvmaotplus.extra_pass_config': {'tir.usmp.enable': True, 'tir.usmp.algorithm': 'hill_climb'}, 'tvmaotplus.use_tuning_results': False, 'tvmaotplus.tvmc_extra_args': [], 'tvmaotplus.tvmc_custom_script': None, 'tvmaotplus.tophub_url': None, 'tvmaotplus.num_threads': 8, 'tvmaotplus.debug_arena': False, 'tvmaotplus.arena_size': 0, 'tvmaotplus.unpacked_api': True, 'tvmaotplus.alignment_bytes': 4, 'tvm.extra_incs': [], 'tvm.extra_libs': [], 'spike.enable_vext': True, 'spike.vlen': 128, 'spike.elen': 32, 'riscv_gcc.name': 'riscv32-unknown-elf', 'riscv_gcc.variant': 'unknown', 'spike.print_outputs': False, 'spike.repeat': None, 'spike.xlen': 32, 'spike.extensions': ['i', 'm', 'a', 'c'], 'spike.timeout_sec': 0, 'spike.fpu': 'double', 'spike.arch': None, 'spike.abi': None, 'spike.vext_spec': 1.0, 'spike.embedded_vext': False, 'spike.enable_pext': False, 'spike.pext_spec': 0.92, 'spike.spikepk_extra_args': [], 'spike.end_to_end_cycles': False, 'mlif.num_threads': 8, 'mlif.optimize': '3', 'mlif.toolchain': 'gcc', 'mlif.print_outputs': False, 'mlif.debug': False, 'mlif.build_dir': None, 'mlif.ignore_data': True, 'mlif.fail_on_error': False, 'mlif.prebuild_lib_path': None, 'mlif.input_data_path': None, 'mlif.output_data_path': None, 'mlif.mem_only': False, 'mlif.debug_symbols': False, 'mlif.verbose_makefile': False, 'muriscvnnbyoc.mcpu': 'cortex-m55', 'muriscvnnbyoc.enabled': True, 'vext.vlen': 128, 'vext.enabled': True, 'vext.elen': 32, 'vext.spec': None, 'vext.embedded': None}",[],-
523,24,toycar,tflite,tvm,tvmaotplus,mlif,spike,457402,20.427431010445392,326446,4696,273832,52598,16,2536,2160,"['muriscvnnbyoc', 'vext']","{'tflite.use_inout_data': False, 'tflite.visualize_enable': False, 'tflite.visualize_script': None, 'tflite.split_layers': False, 'tflite.pack_script': None, 'tvmaotplus.extra_target': ['cmsis-nn'], 'tvmaotplus.extra_target_mcpu': 'cortex-m55', 'tvm.use_tlcpack': None, 'tvmaotplus.print_outputs': False, 'tvmaotplus.opt_level': 3, 'tvmaotplus.target_device': None, 'tvmaotplus.target_mcpu': None, 'tvmaotplus.target_march': None, 'tvmaotplus.target_model': None, 'tvmaotplus.target_mtriple': None, 'tvmaotplus.target_mabi': None, 'tvmaotplus.target_mattr': None, 'tvmaotplus.desired_layout': None, 'tvmaotplus.disabled_passes': [], 'tvmaotplus.extra_pass_config': {'tir.usmp.enable': True, 'tir.usmp.algorithm': 'hill_climb'}, 'tvmaotplus.use_tuning_results': False, 'tvmaotplus.tvmc_extra_args': [], 'tvmaotplus.tvmc_custom_script': None, 'tvmaotplus.tophub_url': None, 'tvmaotplus.num_threads': 8, 'tvmaotplus.debug_arena': False, 'tvmaotplus.arena_size': 0, 'tvmaotplus.unpacked_api': True, 'tvmaotplus.alignment_bytes': 4, 'tvm.extra_incs': [], 'tvm.extra_libs': [], 'spike.enable_vext': True, 'spike.vlen': 256, 'spike.elen': 32, 'riscv_gcc.name': 'riscv32-unknown-elf', 'riscv_gcc.variant': 'unknown', 'spike.print_outputs': False, 'spike.repeat': None, 'spike.xlen': 32, 'spike.extensions': ['i', 'm', 'a', 'c'], 'spike.timeout_sec': 0, 'spike.fpu': 'double', 'spike.arch': None, 'spike.abi': None, 'spike.vext_spec': 1.0, 'spike.embedded_vext': False, 'spike.enable_pext': False, 'spike.pext_spec': 0.92, 'spike.spikepk_extra_args': [], 'spike.end_to_end_cycles': False, 'mlif.num_threads': 8, 'mlif.optimize': '3', 'mlif.toolchain': 'gcc', 'mlif.print_outputs': False, 'mlif.debug': False, 'mlif.build_dir': None, 'mlif.ignore_data': True, 'mlif.fail_on_error': False, 'mlif.prebuild_lib_path': None, 'mlif.input_data_path': None, 'mlif.output_data_path': None, 'mlif.mem_only': False, 'mlif.debug_symbols': False, 'mlif.verbose_makefile': False, 'muriscvnnbyoc.mcpu': 'cortex-m55', 'muriscvnnbyoc.enabled': True, 'vext.vlen': 256, 'vext.enabled': True, 'vext.elen': 32, 'vext.spec': None, 'vext.embedded': None}",[],-
523,25,toycar,tflite,tvm,tvmaotplus,mlif,spike,432660,20.213501995388576,326446,4696,273832,52598,16,2536,2160,"['muriscvnnbyoc', 'vext']","{'tflite.use_inout_data': False, 'tflite.visualize_enable': False, 'tflite.visualize_script': None, 'tflite.split_layers': False, 'tflite.pack_script': None, 'tvmaotplus.extra_target': ['cmsis-nn'], 'tvmaotplus.extra_target_mcpu': 'cortex-m55', 'tvm.use_tlcpack': None, 'tvmaotplus.print_outputs': False, 'tvmaotplus.opt_level': 3, 'tvmaotplus.target_device': None, 'tvmaotplus.target_mcpu': None, 'tvmaotplus.target_march': None, 'tvmaotplus.target_model': None, 'tvmaotplus.target_mtriple': None, 'tvmaotplus.target_mabi': None, 'tvmaotplus.target_mattr': None, 'tvmaotplus.desired_layout': None, 'tvmaotplus.disabled_passes': [], 'tvmaotplus.extra_pass_config': {'tir.usmp.enable': True, 'tir.usmp.algorithm': 'hill_climb'}, 'tvmaotplus.use_tuning_results': False, 'tvmaotplus.tvmc_extra_args': [], 'tvmaotplus.tvmc_custom_script': None, 'tvmaotplus.tophub_url': None, 'tvmaotplus.num_threads': 8, 'tvmaotplus.debug_arena': False, 'tvmaotplus.arena_size': 0, 'tvmaotplus.unpacked_api': True, 'tvmaotplus.alignment_bytes': 4, 'tvm.extra_incs': [], 'tvm.extra_libs': [], 'spike.enable_vext': True, 'spike.vlen': 512, 'spike.elen': 32, 'riscv_gcc.name': 'riscv32-unknown-elf', 'riscv_gcc.variant': 'unknown', 'spike.print_outputs': False, 'spike.repeat': None, 'spike.xlen': 32, 'spike.extensions': ['i', 'm', 'a', 'c'], 'spike.timeout_sec': 0, 'spike.fpu': 'double', 'spike.arch': None, 'spike.abi': None, 'spike.vext_spec': 1.0, 'spike.embedded_vext': False, 'spike.enable_pext': False, 'spike.pext_spec': 0.92, 'spike.spikepk_extra_args': [], 'spike.end_to_end_cycles': False, 'mlif.num_threads': 8, 'mlif.optimize': '3', 'mlif.toolchain': 'gcc', 'mlif.print_outputs': False, 'mlif.debug': False, 'mlif.build_dir': None, 'mlif.ignore_data': True, 'mlif.fail_on_error': False, 'mlif.prebuild_lib_path': None, 'mlif.input_data_path': None, 'mlif.output_data_path': None, 'mlif.mem_only': False, 'mlif.debug_symbols': False, 'mlif.verbose_makefile': False, 'muriscvnnbyoc.mcpu': 'cortex-m55', 'muriscvnnbyoc.enabled': True, 'vext.vlen': 512, 'vext.enabled': True, 'vext.elen': 32, 'vext.spec': None, 'vext.embedded': None}",[],-
523,26,toycar,tflite,tvm,tvmaotplus,mlif,spike,429553,19.492538771511107,326448,4696,273832,52600,16,2536,2160,"['muriscvnnbyoc', 'vext']","{'tflite.use_inout_data': False, 'tflite.visualize_enable': False, 'tflite.visualize_script': None, 'tflite.split_layers': False, 'tflite.pack_script': None, 'tvmaotplus.extra_target': ['cmsis-nn'], 'tvmaotplus.extra_target_mcpu': 'cortex-m55', 'tvm.use_tlcpack': None, 'tvmaotplus.print_outputs': False, 'tvmaotplus.opt_level': 3, 'tvmaotplus.target_device': None, 'tvmaotplus.target_mcpu': None, 'tvmaotplus.target_march': None, 'tvmaotplus.target_model': None, 'tvmaotplus.target_mtriple': None, 'tvmaotplus.target_mabi': None, 'tvmaotplus.target_mattr': None, 'tvmaotplus.desired_layout': None, 'tvmaotplus.disabled_passes': [], 'tvmaotplus.extra_pass_config': {'tir.usmp.enable': True, 'tir.usmp.algorithm': 'hill_climb'}, 'tvmaotplus.use_tuning_results': False, 'tvmaotplus.tvmc_extra_args': [], 'tvmaotplus.tvmc_custom_script': None, 'tvmaotplus.tophub_url': None, 'tvmaotplus.num_threads': 8, 'tvmaotplus.debug_arena': False, 'tvmaotplus.arena_size': 0, 'tvmaotplus.unpacked_api': True, 'tvmaotplus.alignment_bytes': 4, 'tvm.extra_incs': [], 'tvm.extra_libs': [], 'spike.enable_vext': True, 'spike.vlen': 1024, 'spike.elen': 32, 'riscv_gcc.name': 'riscv32-unknown-elf', 'riscv_gcc.variant': 'unknown', 'spike.print_outputs': False, 'spike.repeat': None, 'spike.xlen': 32, 'spike.extensions': ['i', 'm', 'a', 'c'], 'spike.timeout_sec': 0, 'spike.fpu': 'double', 'spike.arch': None, 'spike.abi': None, 'spike.vext_spec': 1.0, 'spike.embedded_vext': False, 'spike.enable_pext': False, 'spike.pext_spec': 0.92, 'spike.spikepk_extra_args': [], 'spike.end_to_end_cycles': False, 'mlif.num_threads': 8, 'mlif.optimize': '3', 'mlif.toolchain': 'gcc', 'mlif.print_outputs': False, 'mlif.debug': False, 'mlif.build_dir': None, 'mlif.ignore_data': True, 'mlif.fail_on_error': False, 'mlif.prebuild_lib_path': None, 'mlif.input_data_path': None, 'mlif.output_data_path': None, 'mlif.mem_only': False, 'mlif.debug_symbols': False, 'mlif.verbose_makefile': False, 'muriscvnnbyoc.mcpu': 'cortex-m55', 'muriscvnnbyoc.enabled': True, 'vext.vlen': 1024, 'vext.enabled': True, 'vext.elen': 32, 'vext.spec': None, 'vext.embedded': None}",[],-
523,27,toycar,tflite,tvm,tvmaotplus,mlif,spike,664498,48.497565981520474,327448,4692,273588,53784,76,2532,2160,"['pext', 'muriscvnnbyoc']","{'tflite.use_inout_data': False, 'tflite.visualize_enable': False, 'tflite.visualize_script': None, 'tflite.split_layers': False, 'tflite.pack_script': None, 'tvmaotplus.extra_target': ['cmsis-nn'], 'tvmaotplus.extra_target_mcpu': 'cortex-m33', 'tvm.use_tlcpack': None, 'tvmaotplus.print_outputs': False, 'tvmaotplus.opt_level': 3, 'tvmaotplus.target_device': None, 'tvmaotplus.target_mcpu': None, 'tvmaotplus.target_march': None, 'tvmaotplus.target_model': None, 'tvmaotplus.target_mtriple': None, 'tvmaotplus.target_mabi': None, 'tvmaotplus.target_mattr': None, 'tvmaotplus.desired_layout': None, 'tvmaotplus.disabled_passes': [], 'tvmaotplus.extra_pass_config': {'tir.usmp.enable': True, 'tir.usmp.algorithm': 'hill_climb'}, 'tvmaotplus.use_tuning_results': False, 'tvmaotplus.tvmc_extra_args': [], 'tvmaotplus.tvmc_custom_script': None, 'tvmaotplus.tophub_url': None, 'tvmaotplus.num_threads': 8, 'tvmaotplus.debug_arena': False, 'tvmaotplus.arena_size': 0, 'tvmaotplus.unpacked_api': True, 'tvmaotplus.alignment_bytes': 4, 'tvm.extra_incs': [], 'tvm.extra_libs': [], 'spike.enable_pext': True, 'riscv_gcc.name': 'riscv32-unknown-elf', 'riscv_gcc.variant': 'unknown', 'spike.print_outputs': False, 'spike.repeat': None, 'spike.xlen': 32, 'spike.extensions': ['i', 'm', 'a', 'c'], 'spike.timeout_sec': 0, 'spike.fpu': 'double', 'spike.arch': None, 'spike.abi': None, 'spike.enable_vext': False, 'spike.vext_spec': 1.0, 'spike.embedded_vext': False, 'spike.pext_spec': 0.92, 'spike.vlen': 0, 'spike.elen': 32, 'spike.spikepk_extra_args': [], 'spike.end_to_end_cycles': False, 'mlif.num_threads': 8, 'mlif.optimize': '3', 'mlif.toolchain': 'gcc', 'mlif.print_outputs': False, 'mlif.debug': False, 'mlif.build_dir': None, 'mlif.ignore_data': True, 'mlif.fail_on_error': False, 'mlif.prebuild_lib_path': None, 'mlif.input_data_path': None, 'mlif.output_data_path': None, 'mlif.mem_only': False, 'mlif.debug_symbols': False, 'mlif.verbose_makefile': False, 'pext.enabled': True, 'pext.spec': None, 'muriscvnnbyoc.mcpu': 'cortex-m33', 'muriscvnnbyoc.enabled': True}",[],-
